City_ID,City,Country,Lat,Lng,Max Temp,Humidity,Cloudiness,Wind Speed
0,Butaritari,KI,3.0707,172.7902,83.3,70,77,11.72
1,Giarmata,RO,45.8383,21.3108,49.95,93,0,1.14
2,Moba,CN,33.2288,105.0179,59.22,95,100,4.21
3,Albany,US,42.6001,-73.9662,64.63,86,100,5.23
4,Port Said,EG,31.2565,32.2841,80.58,83,0,11.5
5,Thompson,CA,55.7435,-97.8558,42.96,75,75,2.3
6,Ribeira Grande,PT,38.5167,-28.7,71.15,79,18,15.61
7,Arraial Do Cabo,BR,-22.9661,-42.0278,70.2,83,100,28.59
8,Yulara,AU,-25.2406,130.9889,62.44,27,0,19.57
9,Punta Arenas,CL,-53.15,-70.9167,51.91,71,0,11.5
10,Chokurdakh,RU,70.6333,147.9167,36.61,56,94,8.93
11,Yellowknife,CA,62.456,-114.3525,50.52,76,90,12.66
12,Fare,PF,-16.7,-151.0167,78.64,70,0,6.31
13,Hermanus,ZA,-34.4187,19.2345,51.91,84,0,12.44
14,Qaanaaq,GL,77.484,-69.3632,9.66,73,0,7.85
15,Ushuaia,AR,-54.8,-68.3,44.26,81,75,5.75
16,Shahr-E Babak,IR,30.1165,55.1186,68.05,24,83,4.12
17,New Norfolk,AU,-42.7826,147.0587,70.75,54,9,8.01
18,Puerto Ayora,EC,-0.7393,-90.3518,69.55,91,41,5.99
19,Victoria,HK,22.2855,114.1577,88.97,76,60,1.01
20,Tuktoyaktuk,CA,69.4541,-133.0374,37.4,70,90,16.11
21,Barrow,US,71.2906,-156.7887,30.22,80,75,21.85
22,Skjervoy,NO,70.0311,20.9714,45.75,74,100,20.51
23,Sobolevo,RU,54.4299,31.8996,40.62,98,100,9.01
24,Coos Bay,US,43.3665,-124.2179,71.58,37,1,3.44
25,Lavrentiya,RU,65.5833,-171.0,35.01,61,99,13.13
26,Kloulklubed,PW,7.0419,134.2556,84.7,68,57,6.2
27,Zhigansk,RU,66.7697,123.3711,44.31,59,100,19.28
28,Longyearbyen,SJ,78.2186,15.6401,40.84,70,20,12.66
29,Luderitz,NA,-26.6481,15.1594,66.11,37,5,8.39
30,Alofi,NU,-19.0595,-169.9187,76.89,88,9,9.22
31,Saint-Philippe,RE,-21.3585,55.7679,65.75,76,41,9.8
32,Castro,BR,-24.7911,-50.0119,60.08,92,99,9.78
33,Laguna,US,38.421,-121.4238,95.5,21,1,3.44
34,Sawakin,SD,19.1059,37.3321,85.28,74,16,6.76
35,Lorengau,PG,-2.0226,147.2712,84.85,68,100,7.18
36,Kodiak,US,57.79,-152.4072,51.31,25,1,16.11
37,Cache Creek,CA,50.8101,-121.3246,63.18,72,100,2.68
38,Bluff,NZ,-46.6,168.3333,53.8,63,13,19.86
39,Sri Aman,MY,1.2376,111.4621,80.65,94,20,0.0
40,Busselton,AU,-33.65,115.3333,69.04,57,0,3.49
41,Hilo,US,19.7297,-155.09,77.79,78,90,6.91
42,Hobart,AU,-42.8794,147.3294,71.11,50,0,5.99
43,Avarua,CK,-21.2078,-159.775,77.05,73,75,6.91
44,Cherskiy,RU,68.75,161.3,35.2,43,100,8.86
45,Sitka,US,57.0531,-135.33,55.29,71,75,17.27
46,Cambrai,FR,50.1667,3.4167,49.1,77,99,3.15
47,Namtsy,RU,62.7161,129.6658,48.31,53,56,10.04
48,Khatanga,RU,71.9667,102.5,34.61,84,100,15.19
49,Kavieng,PG,-2.5744,150.7967,84.34,71,84,10.76
50,Union,US,40.6334,-74.2663,73.58,91,90,8.05
51,Cidreira,BR,-30.1811,-50.2056,59.43,66,100,9.37
52,Hami,CN,42.8,93.45,70.56,24,100,3.49
53,Bredasdorp,ZA,-34.5322,20.0403,42.12,93,0,3.44
54,Upernavik,GL,72.7868,-56.1549,20.93,53,100,6.2
55,Kameyama,JP,34.85,136.45,76.06,89,67,5.61
56,Morehead,US,37.2711,-87.1764,72.0,93,90,3.44
57,Buchanan,LR,5.8808,-10.0467,76.66,89,96,5.1
58,Atuona,PF,-9.8,-139.0333,77.83,74,8,19.91
59,Mount Pleasant,US,32.7941,-79.8626,78.98,94,75,5.01
60,Rikitea,PF,-23.1203,-134.9692,74.01,71,0,14.12
61,Qinzhou,CN,21.95,108.6167,85.3,71,66,5.06
62,Lompoc,US,34.6391,-120.4579,78.94,84,1,9.22
63,Isangel,VU,-19.55,169.2667,87.91,58,75,9.22
64,Belyy Yar,RU,53.6039,91.3903,42.69,65,0,15.66
65,Vaini,TO,-21.2,-175.2,78.96,78,20,9.22
66,Monterey,US,36.2505,-121.2516,76.1,48,0,6.38
67,Chuy,UY,-33.6971,-53.4616,54.79,74,88,7.7
68,Doha,QA,25.2867,51.5333,84.18,59,0,5.75
69,Marawi,PH,7.9986,124.2928,72.64,78,98,1.5
70,Civitavecchia,IT,42.0933,11.7967,68.83,85,99,6.6
71,Boende,CD,-0.2167,20.8667,68.77,97,100,2.66
72,Hecun,CN,36.5333,114.1111,75.18,57,49,4.47
73,Muscat,OM,23.6139,58.5922,89.62,61,12,2.1
74,Boa Vista,BR,2.8197,-60.6733,80.58,69,75,5.75
75,Cape Town,ZA,-33.9258,18.4232,52.12,80,0,1.01
76,East London,ZA,-33.0153,27.9116,56.53,67,49,6.71
77,Goderich,CA,43.7501,-81.7165,63.03,94,100,11.5
78,Coahuayana,MX,18.7333,-103.6833,85.48,90,24,1.45
79,Kahului,US,20.8947,-156.47,84.22,52,40,20.71
80,Ilulissat,GL,69.2167,-51.1,28.42,93,75,0.0
81,Carnarvon,AU,-24.8667,113.6333,78.87,19,1,5.75
82,Klaksvik,FO,62.2266,-6.589,50.92,78,86,36.89
83,Yeppoon,AU,-23.1333,150.7333,71.38,32,0,11.72
84,Port Blair,IN,11.6667,92.75,80.42,81,100,15.17
85,Acari,PE,-15.4311,-74.6158,68.27,66,100,4.14
86,Ust-Nera,RU,64.5667,143.2,44.24,46,95,3.42
87,Vao,NC,-22.6667,167.4833,72.21,77,9,7.2
88,Noshiro,JP,40.2039,140.0242,76.14,82,96,7.16
89,Luang Prabang,LA,19.8856,102.1347,76.96,88,75,0.0
90,Bethel,US,41.3712,-73.414,70.11,89,75,5.75
91,Avera,US,33.194,-82.5271,78.67,92,21,3.65
92,Lagoa,PT,39.05,-27.9833,69.76,80,0,14.2
93,Banda Aceh,ID,5.5577,95.3222,81.95,69,100,12.95
94,Iquique,CL,-20.2208,-70.1431,60.84,75,55,2.37
95,Port Alfred,ZA,-33.5906,26.891,55.44,75,1,6.22
96,Ponta Do Sol,PT,32.6667,-17.1,72.23,70,100,5.73
97,Zarubino,RU,42.63,131.0922,69.03,80,42,10.76
98,Yarmouth,US,41.7057,-70.2286,70.45,89,90,0.0
99,Oussouye,SN,12.485,-16.5469,78.98,88,53,6.55
100,Kapaa,US,22.0752,-159.319,84.18,72,75,5.01
101,Newport,GB,51.5877,-2.9984,57.31,91,100,4.81
102,Tambilil,PH,5.9622,124.6697,85.1,68,24,4.18
103,Raudeberg,NO,61.9875,5.1352,56.86,85,61,15.01
104,Clyde River,CA,70.4692,-68.5914,30.43,93,90,3.44
105,Tonj,SS,7.2737,28.6822,67.82,99,70,2.86
106,Mersing,MY,2.4312,103.8405,76.91,94,40,2.3
107,Nikolskoye,RU,59.7035,30.7861,43.02,86,100,5.37
108,Hasaki,JP,35.7333,140.8333,79.09,82,71,12.19
109,Pisco,PE,-13.7,-76.2167,62.65,82,0,12.66
110,Iqaluit,CA,63.7506,-68.5145,33.53,86,90,6.91
111,Penzance,GB,50.1186,-5.5371,56.77,87,63,3.67
112,Codrington,AU,-38.2667,141.9667,58.37,72,97,13.29
113,Port Hardy,CA,50.6996,-127.4199,55.58,94,90,9.22
114,Anekal,IN,12.7,77.7,71.11,90,86,10.56
115,Faanui,PF,-16.4833,-151.75,78.87,70,5,4.38
116,Itaqui,BR,-29.1253,-56.5531,54.75,70,100,14.18
117,Neryungri,RU,56.6709,124.6491,54.91,65,62,9.75
118,Thinadhoo,MV,0.5333,72.9333,83.53,75,85,16.06
119,Tasiilaq,GL,65.6145,-37.6368,32.16,65,78,8.57
120,Verkhoyansk,RU,67.5447,133.385,43.56,59,99,2.08
121,Binga,ZW,-17.6203,27.3414,68.52,34,31,1.72
122,Predivinsk,RU,57.0669,93.4378,36.12,88,100,5.21
123,Porto Santo,PT,33.072,-16.3415,71.98,68,75,12.66
124,Flin Flon,CA,54.7682,-101.865,50.4,78,100,9.33
125,Puri,IN,19.8,85.85,79.32,77,95,6.17
126,Sira,IN,13.7453,76.9092,71.76,83,99,11.95
127,Bilibino,RU,68.0546,166.4372,27.79,58,100,1.9
128,Beloha,MG,-25.1667,45.05,65.16,95,92,3.91
129,Beckley,US,37.7782,-81.1882,63.07,98,90,3.0
130,El Paso,US,31.8001,-106.2005,78.46,27,20,13.8
131,Saskylakh,RU,71.9167,114.0833,34.57,94,100,9.01
132,Mataura,NZ,-46.1927,168.8643,53.47,43,9,4.56
133,Zyryanka,RU,65.75,150.85,41.0,46,100,3.13
134,Menongue,AO,-14.6585,17.691,65.61,26,66,0.74
135,Souillac,MU,-20.5167,57.5167,70.18,64,40,5.75
136,Waddan,LY,29.1614,16.139,83.75,16,0,7.31
137,Pareora,NZ,-44.4871,171.2132,53.62,69,68,11.52
138,Aquiraz,BR,-3.9014,-38.3911,80.69,85,33,10.47
139,Inirida,CO,3.8653,-67.9239,73.51,95,98,2.62
140,Husavik,IS,66.0449,-17.3389,40.91,91,100,32.12
141,Villa Carlos Paz,AR,-31.4241,-64.4978,58.39,52,88,1.99
142,Tateyama,JP,34.9833,139.8667,77.02,84,100,9.55
143,Chicama,PE,-7.8447,-79.1469,59.54,81,74,4.83
144,Vilyuysk,RU,63.7553,121.6247,45.75,59,100,10.09
145,Mapimi,MX,25.8167,-103.85,69.21,69,83,11.48
146,Okahandja,NA,-21.9833,16.9167,64.71,20,9,5.77
147,La Mana,EC,-0.9333,-79.2167,81.9,87,86,2.37
148,Minusinsk,RU,53.7103,91.6875,42.82,62,100,13.96
149,Airai,TL,-8.9266,125.4092,66.61,62,96,5.91
150,Los Llanos De Aridane,ES,28.6585,-17.9182,69.55,79,90,9.22
151,Vestmannaeyjar,IS,63.4427,-20.2734,44.83,70,100,23.69
152,Santo Angelo,BR,-28.2992,-54.2631,53.92,76,100,15.88
153,Gawler,AU,-34.6,138.7333,60.48,86,77,8.93
154,Juegang,CN,32.3174,121.1855,81.36,70,0,5.7
155,Zhireken,RU,52.8249,117.3076,48.38,93,100,4.23
156,Boguchany,RU,58.3814,97.4531,38.12,87,100,9.71
157,Mahebourg,MU,-20.4081,57.7,70.09,64,40,5.75
158,Dalvik,IS,65.9702,-18.5286,40.93,92,100,11.54
159,Novoagansk,RU,61.9449,76.6625,32.74,86,96,8.95
160,Marfino,RU,55.7028,37.3822,43.05,93,90,6.71
161,Mar Del Plata,AR,-38.0023,-57.5575,46.42,93,0,4.61
162,Harper,LR,4.375,-7.7169,76.68,88,99,7.56
163,Mitchell,US,43.7094,-98.0298,55.38,57,1,3.44
164,Dikson,RU,73.5069,80.5464,34.21,73,100,2.75
165,Gejiu,CN,23.306,103.1635,62.49,76,47,3.29
166,Charters Towers,AU,-20.1,146.2667,70.0,13,25,16.33
167,Esperance,AU,-33.8667,121.9,69.64,39,0,11.81
168,Abu Dhabi,AE,24.4667,54.3667,89.71,58,0,5.75
169,Maragogi,BR,-9.0122,-35.2225,73.9,84,60,4.61
170,Magadan,RU,59.5667,150.8,48.2,73,100,9.13
171,Nicoya,CR,10.1483,-85.452,76.55,89,100,1.97
172,Norilsk,RU,69.3535,88.2027,32.99,81,25,3.74
173,Salalah,OM,17.0151,54.0924,80.69,83,75,5.75
174,Norman Wells,CA,65.282,-126.8329,42.84,75,75,10.36
175,Santander,ES,43.4647,-3.8044,61.61,95,75,3.0
176,Vanavara,RU,60.34,102.2797,38.62,79,53,7.81
177,Cap-Aux-Meules,CA,47.3821,-61.8597,62.65,63,20,14.97
178,Kunming,CN,25.0389,102.7183,62.53,82,20,8.95
179,Gorontalo,ID,0.5412,123.0595,78.87,86,96,1.48
180,Iberia,US,29.9502,-91.7507,80.67,94,1,4.61
181,Vila Velha,BR,-20.3297,-40.2925,76.95,78,0,18.41
182,Ituporanga,BR,-27.4144,-49.6025,60.37,86,86,3.67
183,Bahia Honda,CU,22.9036,-83.1592,79.52,88,94,8.66
184,Kaduna,NG,10.5222,7.4383,70.09,95,100,4.36
185,Hithadhoo,MV,-0.6,73.0833,83.37,76,94,16.89
186,Severo-Kurilsk,RU,50.6789,156.125,52.2,72,57,13.11
187,Hohhot,CN,40.8106,111.6522,62.89,55,0,4.47
188,Cabo San Lucas,MX,22.8909,-109.9124,85.6,79,20,1.99
189,Jamestown,US,42.097,-79.2353,68.07,87,90,5.01
190,Benghazi,LY,32.1167,20.0667,83.3,42,0,8.01
191,Gizo,SB,-8.103,156.8419,83.98,69,7,2.37
192,Byron Bay,AU,-28.65,153.6167,68.11,52,71,20.07
193,Sao Joao Da Barra,BR,-21.6403,-41.0511,72.59,78,58,27.29
194,Haines Junction,CA,60.7522,-137.5108,35.55,75,100,8.05
195,Hualmay,PE,-11.0964,-77.6139,62.29,86,42,8.72
196,Beyneu,KZ,45.3167,55.2,59.61,48,100,16.46
197,Freeport,US,40.6576,-73.5832,73.38,84,90,5.99
198,Onufriyivka,UA,48.9072,33.4487,45.07,86,100,11.18
199,Ajdabiya,LY,30.7554,20.2263,82.0,28,0,9.62
200,Portland,US,45.5234,-122.6762,84.79,40,20,1.01
201,Qujing,CN,25.4833,103.7833,66.56,74,97,5.99
202,Margate,GB,51.3813,1.3862,57.96,86,100,1.01
203,Aranos,NA,-24.1333,19.1167,54.54,18,4,9.46
204,Wamba,NG,8.9333,8.6,70.43,98,100,2.21
205,Bara,NG,10.3744,10.7288,73.04,96,100,8.14
206,Monterrey,MX,25.6667,-100.3167,90.57,43,94,3.69
207,Mumford,GH,5.2618,-0.759,75.9,92,100,8.75
208,San Angelo,US,31.4638,-100.437,77.22,32,1,1.99
209,Westport,US,41.1415,-73.3579,73.15,89,90,8.99
210,Gobabis,NA,-22.45,18.9667,56.52,18,14,7.2
211,Birin,NP,26.8865,88.0718,65.14,82,44,1.39
212,Pijijiapan,MX,15.7011,-93.23,79.21,87,86,2.62
213,Slave Lake,CA,55.2834,-114.769,57.18,77,1,3.44
214,Ancud,CL,-41.8697,-73.8203,44.42,89,0,1.25
215,Maniitsoq,GL,65.4167,-52.9,31.68,63,6,10.04
216,San Jose,US,37.3394,-121.895,89.96,36,40,1.01
217,Lusambo,CD,-4.9667,23.45,74.64,65,98,0.29
218,Brownsville,US,25.9018,-97.4975,84.31,88,1,1.01
219,Broome,US,42.2506,-75.833,66.9,79,40,1.01
220,Japura,ID,-0.3167,102.35,82.51,70,36,3.65
221,Mildura,AU,-34.2,142.15,62.08,59,75,6.91
222,Berlevag,NO,70.8578,29.0864,39.99,76,8,30.27
223,Lumberton,US,34.6182,-79.0086,75.94,97,100,6.91
224,Teguise,ES,29.0605,-13.564,68.22,68,40,8.05
225,Khromtau,KZ,50.2503,58.4347,41.25,50,87,5.12
226,Honiara,SB,-9.4333,159.95,85.55,70,21,4.99
227,Ghorawal,IN,24.7667,82.7833,78.08,84,13,6.42
228,Nha Trang,VN,12.25,109.1833,87.8,76,100,3.33
229,Guerrero Negro,MX,27.9769,-114.0611,75.7,65,99,11.63
230,Saint George,US,37.1041,-113.5841,88.39,9,1,6.91
231,Myanaung,MM,18.2833,95.3167,80.26,85,100,5.1
232,Hambantota,LK,6.1241,81.1185,77.34,100,20,8.05
233,Kysyl-Syr,RU,63.8986,122.7617,45.7,56,98,11.72
234,Tuatapere,NZ,-46.1333,167.6833,53.82,52,14,5.23
235,Waitati,NZ,-45.75,170.5667,57.79,57,5,8.37
236,Cooma,AU,-36.2333,149.1333,51.57,66,75,12.66
237,Geraldton,AU,-28.7667,114.6,75.61,15,0,17.27
238,Georgetown,MY,5.4112,100.3354,84.88,76,20,3.44
239,Pimenta Bueno,BR,-11.6725,-61.1936,83.79,40,30,1.83
240,Savalou,BJ,7.9281,1.9756,73.6,97,100,3.67
241,Ranong,TH,9.9658,98.6348,75.13,94,100,12.62
242,Sayat,TM,38.7839,63.8803,53.47,16,0,9.37
243,Sao Filipe,CV,14.8961,-24.4956,79.3,80,7,9.01
244,Celestun,MX,20.8667,-90.4,81.63,81,65,15.46
245,Namibe,AO,-15.1961,12.1522,61.59,90,4,4.36
246,Manzhouli,CN,49.6,117.4333,58.73,61,15,5.06
247,Bongandanga,CD,1.5,21.05,69.53,99,97,1.99
248,Leningradskiy,RU,69.3833,178.4167,27.55,85,100,11.65
249,Khani,GE,41.9563,42.9566,56.77,95,100,0.65
250,Saint-Augustin,CA,51.226,-58.6502,54.18,84,93,12.86
251,Sombrerete,MX,23.6333,-103.65,60.75,57,74,4.65
252,Gull Lake,CA,50.1001,-108.4847,62.96,32,0,4.45
253,Richards Bay,ZA,-28.783,32.0377,62.83,67,100,7.67
254,Soubre,CI,5.7856,-6.6083,72.55,99,100,2.86
255,Qaqortoq,GL,60.7167,-46.0333,36.1,88,100,1.88
256,Te Anau,NZ,-45.4167,167.7167,52.21,59,9,4.25
257,Yagodnoye,RU,62.55,149.6667,35.1,84,72,1.43
258,Simao,CN,22.7886,100.9748,71.64,81,96,1.66
259,Mbandaka,CD,0.0487,18.2603,69.08,99,100,2.17
260,Raymondville,US,26.4815,-97.7831,86.38,67,60,10.96
261,Xingyi,CN,24.1877,102.817,65.73,84,85,2.89
262,Rock Sound,BS,24.9,-76.2,83.62,72,23,11.9
263,Muros,ES,42.7762,-9.0603,61.99,80,35,16.37
264,Palaikastron,GR,35.2,26.25,75.43,71,3,10.0
265,Asau,RO,46.4333,26.4,42.96,87,100,4.45
266,Garden City,US,42.3256,-83.331,68.25,94,90,12.66
267,Bengkulu,ID,-3.8004,102.2655,80.83,75,87,3.31
268,Nantucket,US,41.2835,-70.0995,69.1,88,20,8.05
269,Torit,SS,4.4133,32.5678,68.47,96,100,1.25
270,Dongsheng,CN,39.8161,109.9776,70.56,23,5,10.87
271,Cozumel,MX,20.5083,-86.9458,84.0,80,55,5.99
272,Provideniya,RU,64.3833,-173.3,33.91,60,40,6.71
273,Astoria,US,46.1879,-123.8313,73.29,46,1,6.91
274,Fairbanks,US,64.8378,-147.7164,38.61,57,75,4.61
275,Tiksi,RU,71.6872,128.8694,35.96,71,100,3.04
276,Acapulco,MX,16.8634,-99.8901,84.02,79,75,6.91
277,Wodonga,AU,-36.1167,146.8833,62.01,72,75,4.0
278,Okha,RU,53.5739,142.9478,54.41,60,45,11.18
279,Hirara,JP,24.8,125.2833,88.07,74,40,5.75
280,Nalut,LY,30.3333,10.85,78.82,18,0,12.82
281,Mount Isa,AU,-20.7333,139.5,69.57,11,84,16.11
282,Monduli,TZ,-3.3,36.45,57.51,92,44,3.98
283,Bressanone,IT,46.715,11.656,53.19,87,38,2.26
284,Kang,BW,-23.6752,22.7876,56.89,12,0,8.3
285,Muroto,JP,33.2833,134.15,80.64,79,81,8.05
286,Semporna,MY,4.4818,118.6112,82.6,87,100,4.88
287,Tres Lagoas,BR,-20.7511,-51.6783,86.22,24,7,13.22
288,Sorong,ID,-0.8833,131.25,82.27,78,100,5.41
289,Esfarayen,IR,37.0765,57.5101,56.86,40,45,1.61
290,Inhambane,MZ,-23.865,35.3833,69.96,69,99,16.4
291,Tevriz,RU,57.509,72.4042,37.85,98,100,5.23
292,Talnakh,RU,69.4865,88.3972,33.21,78,23,2.21
293,Shinpokh,PK,34.3292,71.1782,76.41,83,8,4.14
294,Modasa,IN,23.4667,73.3,76.71,92,70,5.99
295,Beringovskiy,RU,63.05,179.3167,37.4,76,100,10.11
296,Koster,ZA,-25.863,26.8976,49.39,89,38,13.24
297,Atasu,KZ,48.6814,71.6433,35.94,60,96,7.58
298,Kudahuvadhoo,MV,2.6708,72.8944,83.88,72,25,16.98
299,Kincardine,GB,56.0667,-3.7167,61.84,93,24,13.06
300,Klaebu,NO,63.2976,10.4826,52.05,74,100,7.27
301,Borovskoy,KZ,53.8,64.15,34.59,78,0,7.74
302,Shiraz,IR,29.6036,52.5388,68.86,21,0,4.65
303,Kijang,KR,35.2442,129.2139,78.53,67,0,11.43
304,Snyder,US,32.7179,-100.9176,70.14,32,1,4.61
305,Belaya Gora,RU,68.5333,146.4167,37.17,49,100,4.47
306,Warrington,GB,53.3925,-2.5802,58.48,92,20,1.01
307,Roma,US,43.2128,-75.4557,69.44,78,75,10.36
308,Windhoek,NA,-22.5594,17.0832,61.0,18,7,5.75
309,Nishihara,JP,26.1842,127.7558,85.66,79,20,6.91
310,Pevek,RU,69.7008,170.3133,27.25,76,99,11.36
311,San Rafael Del Sur,NI,11.8485,-86.4384,76.17,80,85,5.59
312,Raga,SS,8.4596,25.678,68.09,98,99,4.41
313,Banjar,ID,-8.19,114.9675,84.06,63,62,3.04
314,Frontera,MX,26.9333,-101.45,71.2,83,84,10.31
315,Mehran,IR,33.1222,46.1646,80.71,21,0,9.33
316,Pacifica,US,37.6138,-122.4869,92.82,68,20,4.0
317,Murupara,NZ,-38.4667,176.7,60.57,68,100,7.92
318,Half Moon Bay,US,37.4636,-122.4286,89.29,58,1,9.22
319,Lazaro Cardenas,MX,17.9583,-102.2,79.9,83,7,4.94
320,Atar,MR,20.5169,-13.0499,86.72,21,3,9.75
321,Vostok,RU,46.4856,135.8833,54.01,97,100,1.97
322,Chirongui,YT,-12.9319,45.1483,75.13,77,50,8.46
323,Port-Gentil,GA,-0.7193,8.7815,77.67,81,100,11.52
324,Bontang,ID,0.1333,117.5,75.52,86,100,2.21
325,San Pedro,PH,14.35,121.0167,88.83,69,40,8.05
326,Jiexiu,CN,37.0244,111.9125,73.51,44,100,2.91
327,New Waterford,US,40.8451,-80.6145,68.05,91,100,1.01
328,Luanda,AO,-8.8368,13.2343,71.6,88,75,6.91
329,Kuching,MY,1.55,110.3333,84.42,70,20,3.44
330,Pangnirtung,CA,66.1451,-65.7125,31.69,61,89,4.76
331,Srednekolymsk,RU,67.45,153.6833,39.06,36,95,8.16
332,Kamaishi,JP,39.2667,141.8833,74.35,72,0,11.18
333,Toamasina,MG,-18.1667,49.3833,66.2,94,40,4.61
334,Huarmey,PE,-10.0681,-78.1522,63.82,84,93,8.16
335,Baykit,RU,61.67,96.37,36.91,98,100,4.23
336,Olafsvik,IS,64.8945,-23.7142,38.62,79,100,5.77
337,La Seyne-Sur-Mer,FR,43.0982,5.8847,67.87,66,2,1.01
338,Port Elizabeth,ZA,-33.918,25.5701,48.49,93,0,2.3
339,Stege,DK,54.987,12.2846,55.06,87,100,13.22
340,Malokaterynivka,UA,47.6525,35.2539,47.12,74,99,10.98
341,Tazovskiy,RU,67.4667,78.7,30.54,82,15,14.92
342,Udachnyy,RU,66.4167,112.4,38.26,88,100,5.06
343,Carros,FR,43.7894,7.184,67.73,71,0,9.22
344,Champerico,GT,14.3,-91.9167,84.34,80,100,3.18
345,Meppel,NL,52.6958,6.1944,54.95,93,99,5.93
346,Walvis Bay,NA,-22.9575,14.5053,55.09,100,5,6.91
347,Lodwar,KE,3.1191,35.5973,81.39,50,72,9.19
348,Arua,UG,3.0201,30.9111,62.11,93,100,3.58
349,Santa Maria,BR,-29.6842,-53.8069,56.5,67,0,10.36
350,Narsaq,GL,60.9167,-46.05,35.82,82,100,1.1
351,Linxia,CN,35.6003,103.2064,58.78,66,100,7.11
352,Morant Bay,JM,17.8815,-76.4093,82.02,82,16,4.45
353,La Palma,US,33.8464,-118.0467,100.67,48,20,5.01
354,Springdale,US,36.1867,-94.1288,64.51,60,1,10.36
355,Sangmelima,CM,2.9333,11.9833,67.01,99,98,4.34
356,Kruisfontein,ZA,-34.0033,24.7314,44.89,87,3,4.36
357,Bairiki,KI,1.3292,172.9752,87.8,66,20,12.66
358,Kavaratti,IN,10.5669,72.642,81.59,79,96,17.02
359,Deputatskiy,RU,69.3,139.9,35.76,59,100,2.3
360,Saldanha,ZA,-33.0117,17.9442,50.05,58,15,8.61
361,Canaries,ES,28.0,-15.5,66.4,70,20,5.01
362,Pedernales,DO,18.0384,-71.744,81.95,77,69,3.96
363,Vestmanna,FO,62.1564,-7.1664,49.12,87,75,21.85
364,Ames,US,42.0347,-93.6199,64.42,68,1,1.01
365,Labuhan,ID,-6.8844,112.2051,84.67,63,51,7.58
366,Novoorsk,RU,51.381,58.9813,41.65,51,88,4.72
367,Shingu,JP,33.7333,135.9833,77.99,78,37,3.4
368,Amazar,RU,53.858,120.875,59.11,63,49,8.37
369,Aden,YE,12.7794,45.0367,85.44,72,74,11.74
370,Severo-Yeniseyskiy,RU,60.3725,93.0408,28.76,90,100,8.75
371,Elbistan,TR,38.2059,37.1983,61.05,47,0,2.21
372,Ginir,ET,7.1333,40.7,60.12,77,75,8.43
373,Pocatello,US,42.8713,-112.4455,66.11,34,1,8.01
374,Bage,BR,-31.3314,-54.1069,48.81,94,54,6.85
375,Bambous Virieux,MU,-20.3428,57.7575,70.05,64,40,5.75
376,Flinders,AU,-34.5833,150.8552,68.05,51,7,5.99
377,Porto Walter,BR,-8.2686,-72.7439,72.7,96,100,0.87
378,Tilichiki,RU,60.4667,166.1,45.07,92,100,8.34
379,Mahibadhoo,MV,3.7833,72.9667,84.36,72,1,14.9
380,Portobelo,PA,9.55,-79.65,77.41,79,100,0.98
381,Dreux,FR,48.6667,1.25,49.98,84,18,5.44
382,Abu Samrah,SY,35.3029,37.1841,71.58,46,0,6.69
383,Chute-Aux-Outardes,CA,49.1168,-68.399,67.41,82,1,6.91
384,Kharp,RU,66.8014,65.8081,37.62,92,91,5.39
385,Torbay,CA,47.6666,-52.7314,56.57,81,20,19.57
386,Aklavik,CA,68.2191,-135.0107,38.23,75,100,11.23
387,Camana,PE,-16.6228,-72.7111,61.99,84,100,9.15
388,Vikhorevka,RU,56.1201,101.1636,38.79,62,23,5.28
389,Saint Pete Beach,US,27.7253,-82.7412,78.85,87,75,1.01
390,Vila Franca Do Campo,PT,37.7167,-25.4333,70.21,84,15,7.16
391,Maceio,BR,-9.6658,-35.7353,74.64,94,40,3.44
392,Puerto Ayacucho,VE,5.6639,-67.6236,76.57,88,96,3.44
393,Samarai,PG,-10.6167,150.6667,79.05,80,81,15.97
394,Hofn,IS,64.2539,-15.2082,45.1,61,100,17.72
395,Kaitangata,NZ,-46.2817,169.8464,56.17,49,6,1.83
396,Grand Gaube,MU,-20.0064,57.6608,70.2,68,6,5.01
397,San Quintin,MX,30.4833,-115.95,72.95,74,0,9.57
398,Edea,CM,3.8,10.1333,76.78,98,100,1.23
399,Vardo,NO,70.3705,31.1107,40.23,78,6,30.6
400,The Valley,AI,18.217,-63.0578,84.06,76,13,13.94
401,Lebu,CL,-37.6167,-73.65,50.16,89,41,2.24
402,Buala,SB,-8.145,159.5921,85.69,68,20,5.84
403,Telsiai,LT,55.9814,22.2472,43.63,86,100,6.49
404,Ambilobe,MG,-13.2,49.05,66.85,79,33,3.91
405,Calvia,ES,39.5657,2.5062,69.08,82,3,9.84
406,Moroni,KM,-11.7022,43.2551,74.68,73,6,1.9
407,Korla,CN,41.7597,86.1469,72.39,25,5,15.08
408,San Felipe,VE,10.3399,-68.7425,73.38,95,100,3.38
409,Hovd,MN,48.0056,91.6419,43.7,41,0,3.44
410,Mayo,US,38.8876,-76.5119,75.61,86,75,10.0
411,Zemio,CF,5.0314,25.1361,66.76,98,98,1.74
412,Lakes Entrance,AU,-37.8811,147.981,65.16,69,60,8.34
413,Nhulunbuy,AU,-12.2333,136.7667,83.01,44,0,27.63
414,Nazilli,TR,37.9163,28.3223,63.64,77,0,4.63
415,Kulashi,GE,42.2044,42.3494,64.49,94,90,2.3
416,Omsukchan,RU,62.5333,155.8,43.34,73,100,3.96
417,Chokwe,MZ,-24.5333,32.9833,64.62,65,10,12.26
418,Cabadiangan,PH,9.7531,122.4739,84.13,72,98,5.75
419,Henties Bay,NA,-22.116,14.2845,54.86,80,1,3.87
420,Cockburn Town,TC,21.4612,-71.1419,82.99,79,12,18.95
421,Pelym,RU,61.0108,61.9978,39.11,91,100,5.7
422,Takoradi,GH,4.8845,-1.7554,75.63,94,100,7.92
423,Cayenne,GF,4.9333,-52.3333,84.09,78,0,1.99
424,Sokoni,TZ,-6.4333,39.55,76.08,80,0,10.13
425,Coquimbo,CL,-29.9533,-71.3436,55.13,71,90,5.75
426,Rawson,AR,-43.3002,-65.1023,57.52,44,0,22.64
427,Beaver Dam,US,43.4578,-88.8373,62.22,73,40,1.01
428,Santa Isabel Do Rio Negro,BR,-0.4139,-65.0192,73.69,96,94,3.47
429,Podeni,RO,44.8814,22.5433,42.93,69,99,5.17
430,Lata,PT,40.1629,-8.3327,67.82,61,0,5.77
431,Hakkari,TR,37.5833,44.1667,50.97,62,0,1.72
432,Seymchan,RU,62.8833,152.4333,38.32,82,19,2.26
433,Izhma,RU,65.0083,53.9113,39.52,81,99,4.41
434,Tabuk,PH,17.4189,121.4443,84.81,70,26,6.89
435,Lakselv,NO,70.0513,24.9718,42.62,70,75,32.21
436,Umm Lajj,SA,25.0213,37.2685,85.01,61,82,3.89
437,Chateaubelair,VC,13.2833,-61.25,81.21,77,47,8.37
438,Valdagno,IT,45.6483,11.3064,58.82,78,4,3.49
439,Utica,US,43.1009,-75.2327,68.11,87,100,7.11
440,Geelong,AU,-38.1471,144.3607,60.82,78,90,8.01
441,Paamiut,GL,61.994,-49.6678,35.83,58,100,6.06
442,Sangar,RU,63.9242,127.4739,46.22,64,72,14.05
443,Tura,IN,25.5198,90.2201,73.76,87,100,1.14
444,Ormara,PK,25.2088,64.6357,80.78,85,73,11.7
445,Okhotsk,RU,59.3833,143.3,54.34,50,26,11.74
446,Yabrud,SY,33.9674,36.6574,60.53,48,0,2.86
447,Waipawa,NZ,-41.4122,175.5153,54.45,75,100,6.69
448,Katherine,AU,-14.4667,132.2667,80.92,10,0,16.11
449,Ceglie Messapica,IT,40.6439,17.5155,68.2,68,24,16.2
450,Zwedru,LR,6.0667,-8.1281,71.65,100,100,2.44
451,Maldonado,UY,-34.6667,-54.9167,51.22,93,12,3.38
452,Mocuba,MZ,-16.8392,36.9856,66.06,83,0,2.51
453,Ixtapa,MX,20.7,-105.2,84.22,88,98,2.15
454,Treinta Y Tres,UY,-33.2333,-54.3833,45.46,95,3,7.58
455,Moskovskiy,RU,55.5991,37.355,42.87,96,90,6.71
456,Indramayu,ID,-6.3264,108.32,83.77,67,95,12.17
457,Parana,AR,-31.732,-60.5238,52.3,69,73,6.67
458,Prince Albert,CA,53.2001,-105.7677,62.55,36,75,8.05
459,Palmer,US,42.1584,-72.3287,65.21,79,100,3.4
460,Itoman,JP,26.1247,127.6694,87.82,79,20,6.91
461,Lesosibirsk,RU,58.2358,92.4828,33.82,86,38,6.64
462,Bourail,NC,-21.5667,165.4833,79.93,52,83,11.32
463,Tarata,BO,-17.6167,-66.0167,63.82,68,100,5.55
464,Tottori,JP,35.5,134.2333,78.8,94,75,12.66
465,Halberstadt,DE,51.9,11.05,55.58,94,100,10.38
466,Saint-Michel-Des-Saints,CA,46.6834,-73.9159,63.93,61,100,9.8
467,Korem,ET,12.5058,39.5228,56.86,56,34,2.8
468,Upington,ZA,-28.4478,21.2561,53.98,15,0,3.44
469,Zavallya,UA,48.2135,30.0156,45.52,77,100,12.35
470,Buraydah,SA,26.326,43.975,75.65,25,1,0.54
471,Banepa,NP,27.6298,85.5214,66.52,100,75,0.0
472,Aksu,CN,41.1231,80.2644,71.15,26,0,4.25
473,Aban,RU,56.67,96.06,39.31,76,100,11.21
474,Aksarka,RU,66.5606,67.7975,37.6,91,100,6.49
475,Porohy,UA,48.6876,24.2632,42.26,87,100,4.59
476,Poltavka,RU,54.3663,71.7632,36.93,74,94,6.76
477,Bandundu,CD,-3.3167,17.3667,75.31,73,30,2.89
478,Mehamn,NO,71.0357,27.8492,40.62,75,54,25.99
479,Argentan,FR,48.75,-0.0167,49.77,87,48,2.89
480,Tevaitoa,PF,-16.7833,-151.5,78.3,71,1,4.74
481,Bobo Dioulasso,BF,11.1771,-4.2979,77.45,83,0,9.22
482,Cajabamba,PE,-7.6167,-78.05,58.75,66,45,2.04
483,Leshukonskoye,RU,64.8989,45.7622,30.78,94,13,2.13
484,Pacific Grove,US,36.6177,-121.9166,81.0,81,1,3.0
485,Zhicheng,CN,30.2956,111.5047,82.67,55,3,2.15
486,Moulins,FR,46.5,3.3333,53.6,97,0,0.94
487,Evensk,RU,61.95,159.2333,43.11,90,100,17.94
488,Meulaboh,ID,4.1363,96.1285,78.42,82,100,2.51
489,Krasnogorsk,RU,55.8225,37.3181,43.14,93,90,8.95
490,Thessalon,CA,46.2501,-83.5666,57.69,71,100,13.89
491,Batagay-Alyta,RU,67.8006,130.4114,39.09,72,100,2.04
492,Bathsheba,BB,13.2167,-59.5167,83.01,74,20,11.5
493,Parker,US,32.7668,-97.8003,77.92,37,99,1.99
494,Sakakah,SA,29.9697,40.2064,81.97,24,2,6.42
495,Santa Luzia,BR,-19.7697,-43.8514,85.28,46,0,25.32
496,Bonthe,SL,7.5264,-12.505,77.67,88,100,5.26
497,Mopti,ML,14.6667,-4.0,84.38,52,100,8.97
498,Trudobelikovskiy,RU,45.2686,38.1631,58.1,70,99,7.67
499,Asyut,EG,27.181,31.1837,78.98,35,0,12.1
500,Fortuna,US,40.5982,-124.1573,80.94,31,1,12.66
501,Serramanna,IT,39.4244,8.9244,71.62,94,40,2.3
502,Salamiyah,SY,35.0113,37.0532,69.98,59,0,8.43
503,Ahipara,NZ,-35.1667,173.1667,65.19,70,92,20.24
504,Saint-Leu,RE,-21.15,55.2833,63.68,65,1,1.9
505,Methoni,GR,36.8197,21.7049,77.22,65,8,15.28
506,Tukrah,LY,32.5341,20.5791,79.88,54,0,9.86
507,Levelland,US,33.5873,-102.378,69.19,37,0,8.79
508,Tabas,IR,33.5959,56.9244,76.26,19,2,1.7
509,Aswan,EG,24.0934,32.907,83.5,21,0,9.22
510,Bubaque,GW,11.2833,-15.8333,81.01,82,85,12.37
511,Erzurum,TR,40.0,41.5,44.28,66,100,4.94
512,Valle De Allende,MX,26.9333,-105.4,63.82,82,97,14.14
513,Garissa,KE,-0.4536,39.6401,73.24,78,9,13.71
514,Nanortalik,GL,60.1432,-45.2371,34.43,89,100,10.49
515,Celano,IT,42.0855,13.5398,59.83,84,69,2.68
516,Terrace,CA,54.5163,-128.6035,55.31,94,75,13.8
517,Santa Cruz,BO,-17.8,-63.1667,74.66,43,75,18.41
518,Itarema,BR,-2.9248,-39.9167,78.01,82,10,13.78
519,Kushalgarh,IN,23.199,74.4507,74.91,95,100,8.84
520,Pahrump,US,36.2083,-115.9839,89.65,12,0,1.97
521,Kupang,ID,-10.1667,123.5833,90.18,55,20,21.85
522,Ucluelet,CA,48.9329,-125.5528,67.08,85,99,6.11
523,Yarada,IN,17.65,83.2667,80.92,94,75,2.3
524,Saint-Pierre,RE,-21.3393,55.4781,64.29,64,0,6.91
525,Coihaique,CL,-45.5752,-72.0662,48.15,81,0,9.22
526,Uyuni,BO,-20.4597,-66.825,48.31,61,91,10.11
527,Sao Miguel Do Araguaia,BR,-13.275,-50.1628,86.88,18,11,5.08
528,Hobyo,SO,5.3505,48.5268,76.24,83,71,19.35
529,Dunedin,NZ,-45.8742,170.5036,54.63,61,5,9.15
530,Tongzi,CN,28.7829,105.0877,81.63,72,0,2.66
531,Tamale,GH,9.4008,-0.8393,73.72,93,100,15.7
532,Rio Gallegos,AR,-51.6226,-69.2181,48.25,76,0,4.61
533,Belmonte,BR,-15.8631,-38.8828,75.7,86,36,13.22
534,Alice Springs,AU,-23.7,133.8833,60.35,23,30,19.57
535,Nakuru,KE,-0.2833,36.0667,56.37,93,20,4.92
536,Lere,NG,10.387,8.5726,68.92,96,100,5.1
537,Ust-Kulom,RU,61.6864,53.6902,38.55,85,100,3.13
538,Roald,NO,62.5833,6.1333,60.94,63,90,25.32
539,Muisne,EC,0.6,-80.0333,74.1,89,100,11.83
540,Viedma,AR,-40.8135,-62.9967,49.73,51,0,13.22
541,Saint Anthony,US,45.0205,-93.218,59.25,66,1,3.0
542,Panama City,PA,8.9936,-79.5197,78.75,91,40,3.44
543,Murgab,TM,37.4966,61.9714,58.87,58,0,0.0
544,Ostrovnoy,RU,68.0531,39.5131,34.05,87,4,11.12
545,Yadgir,IN,16.7667,77.1333,74.71,88,100,9.84
546,Nabire,ID,-3.3667,135.4833,78.8,86,100,1.86
547,Scottsbluff,US,41.8666,-103.6672,61.23,47,1,1.99
548,Touros,BR,-5.1989,-35.4608,76.1,85,2,9.71
549,Lensk,RU,60.7253,114.9278,40.44,90,100,9.64
550,Susangerd,IR,31.5608,48.1831,78.82,22,0,10.33
551,Quatre Cocos,MU,-20.2078,57.7625,69.91,60,19,11.16
552,Sauce,UY,-34.6469,-56.0628,53.22,91,19,7.0
553,Oktyabrskoye,RU,43.0645,44.7417,57.34,94,100,6.71
554,Lang Suan,TH,9.9456,99.0785,75.29,94,100,5.3
555,Cardston,CA,49.2,-113.3019,64.49,34,14,6.91
556,Ariquemes,BR,-9.9133,-63.0408,79.63,60,55,2.44
557,Todos Santos,MX,23.45,-110.2167,85.1,85,100,2.08
558,Trelew,AR,-43.249,-65.3051,58.73,37,0,21.45
559,Ponta Delgada,PT,37.7333,-25.6667,70.52,68,20,5.75
560,Novikovo,RU,51.1537,37.8879,45.84,87,98,4.03
561,Shimoda,JP,34.6667,138.95,75.56,79,77,6.06
562,Mount Gambier,AU,-37.8333,140.7667,57.11,82,90,11.5
563,Tuy Hoa,VN,13.0833,109.3,82.54,78,81,3.58
564,Cedeno,CO,7.0464,-72.1634,71.38,96,92,3.4
565,Salta,AR,-24.7859,-65.4117,57.79,75,90,1.99
566,Calvinia,ZA,-31.4707,19.776,49.6,26,13,9.04
567,Thyboron,DK,56.6985,8.2124,54.99,87,100,14.34
568,Caravelas,BR,-17.7125,-39.2481,74.14,87,7,10.87
569,Castleblayney,IE,54.1167,-6.7333,56.64,86,6,11.52
570,Ahar,IR,38.4774,47.0699,56.19,68,0,2.82
571,Matamoros,MX,25.5333,-103.25,78.73,43,100,15.57
572,Odessa,UA,46.4775,30.7326,48.13,76,75,6.71
573,Niigata,JP,37.9022,139.0236,82.35,54,75,9.22
574,Ryotsu,JP,38.0833,138.4333,82.36,71,99,2.3
575,Kamennogorsk,RU,60.9545,29.1339,38.52,96,27,5.19
576,Prainha,BR,-1.8,-53.48,75.61,83,14,2.73
577,Ushtobe,KZ,45.2514,77.9838,49.15,31,89,10.07
